,Product Name,Price,Review,Number of reviews
0,"Customizable Photo Blanket, Photo Collage Gifts for him or her, Family & Friends Custom Gifts, Special Memory Keepsake",29.99,4.5,"1,378"
1,"Chunky blanket, Chunky knit throw, Chunky knit blanket, Giant blanket, Merino wool blanket, Arm knit, Boho decor, Christmas Gift for her",22.39,4.5,"2,320"
2,Chunky knit blanket merino wool blanket arm knit chunky blanket giant knit blanket cozy throw blanket chunky knit throw gift for her,20.56,5,"1,699"
3,"Custom Photo Sherpa Fleece Blanket, Personalized Sherpa Blanket With A Photo, Milestone Blanket, Put Your Cat or Dog Photo On A Blanket",46.95,5,728
4,Personalized Custom Soft Blanket with SCRIPT Name - 10 Colors To Choose From,25.00,5,990
5,"Custom Photo Blanket, Personalized Photo Blanket, Custom Picture Blanket, Photo Collage Memory Blanket Family Blanket Custom Wedding Gift",39.00,5,"3,559"
6,"Color Background Plush Minky Personalized Baby Name Blanket - 30"" x 40""",29.75,5,"10,548"
7,"SALE TODAY ONLY!  Chunky Knit Blanket, Chunky Knit Merino Wool Blanket Large 40"" x 60"" Throw Blanket, Giant Knit Blanket, Bulky Knit Blanket",168.97,4.5,"4,869"
8,This is My Hamilton Listening Blanket | Throw Blanket | Couch Throw | Comfy Blanket | Cozy Throw Blanket |,35.00,5,95
9,"Muslin Baby Swaddle Blankets - 100% cotton - approximately 47"" square - baby boy, girl, & gender neutral solid colors",10.20,5,"10,548"
10,"Custom Dog Face Blankets,Personalized Pet Photo Blanket, Dog blankets, Your Dog On A Blanket, Photo Gifts, Dog Keepsake, Cat Blanket, Fleece",29.70,5,809
11,Soft Comfortable Hoodie Sherpa Oversized Wearable Blanket Sweatshirt Hooded Large Pocket Reversible Warm And Luxurious Plush Premium Edition,27.95,4.5,169
12,"Personalized Photo  blanket, Custom Blankets,Family Blanket, Picture Blanket,Memorial Personalized Gift,",19.99,4.5,"1,503"
13,Personalized Name Minky blanket / hospital coming home outfit boy girl beanie knot hat bow custom name baby receiving rainbow blanket,35.99,5,"5,392"
14,Super Soft Custom Photo Throw Blanket,50.00,5,607
15,TShirt Blanket// Memory Blanket// Custom Blanket// Patchwork Tshirt Blanket Quilt//Memory Minky Blanket//Custom Minky Tshirt Blanket//,100.00,5,142
16,Thnapple Slothy Sloth Wearable Hooded Blanket FREE SHIPPING,39.99,5,181
17,SewMine personalized swaddle WITH HEARTS receiving baby blanket Newborn Name reveal Hospital photo coming home boy girl headband hat CPSC,21.99,5,"5,392"
18,OVERSIZED BLANKET HOODIE . SnugglyBear Super Cozy Sherpa Big Hooded Sweatshirt | Comfortable hoodie for Birthday Wedding Adult Teen Kids,39.75,4.5,107
19,Wooden Blanket Ladder (5 ft.),34.00,5,533
20,"Chunky Knit Blanket, Blanket, Cozy Blanket, Chunky Blanket, Knit Blanket, Chunky Knit Throw, Knitted Blanket, WoolHugs, Chunky Wool Blanket",36.00,4.5,472
21,"Pet Blanket, Pet Photo Blanket, Pet Memorial Gift, Dog Photo Blanket, Custom Pet photo, custom photo blanket, Dog loss gift, Dog portrait",39.00,5,"3,559"
22,Custom Handmade Chunky Chenille Throws and Blankets,110.00,5,44
23,Blanket Ladder | Decorative Ladder | Rustic Wood Ladder | Towel Ladder | Quilt Ladder | 100% Reclaimed Wood (Additional Colors Available),59.99,5,"2,942"
24,"Baby Milestone Blanket Boy, Photo Blanket Props, New Mom Baby Shower Gift, Soft Fleece Personalized Month Blanket, Blanket Keepsake,  60x40",39.55,5,222
25,"Zodiac Blanket: Horoscope Astrology Gift, Celestial Starry Night Sky, Constellations, Cancer Libra Taurus Virgo Sagitarius Leo Gemini",79.00,5,"1,202"
26,"Pet Blanket, Personalized Pet Blanket, Gray Paw Print Puppy Blanket, Scent Blanket, Personalized Dog Blanket, Puppy Blanket",14.00,5,"7,471"
27,"Personalised Pet Blanket Embroidered - Paw Print - Grey, Pink, Blue, Beige, Mustard, Lilac",21.30,5,292
28,Vintage Locomotive Sherpa Fleece Blanket Old Train Blanket Custom Made,43.00,4.5,76
29,Nautical Anchor Theme - Personalized Custom Fleece and Sherpa Blankets with Your Child's or Family Name - Small Medium and Large Sizes,25.00,5,711
30,Personalized Toy Blanket- Toy Baby Blanket- Personalized Baby Name Blanket-Personalized Name Blanket- Baby Name Blanket - Personalized Throw,36.97,5,"6,794"
31,"PERSONALIZED Ramen Noddle Soup Blanket  - Ramen  Blanket, Ramen Lover Gift, Unique Gift , Crazy Gift, Noodles lover Gift ,",47.99,4.5,"1,503"
32,Happy Beach Shack Blanket in Plumeria Pink Birds,49.00,5,54
33,"Winter Plaid Blanket Scarf, Tartan Plaid Scarf, Tartan Scarf, Oversized Scarf, Shawl Wraps, Blanket Pashimina Shawl",10.89,5,"1,545"
34,Highland Cow Super Soft Fleece Blanket By Grace Scott,28.41,5,557
35,Milestone Marker Grapevine Milestone Blanket Marker Mini Wreath Baby Shower Gift Month Ring,15.00,5,"1,253"
36,"Love Letter, Love Letter Blanket, Letter Blanket, Letter blanket for Husband, Personalized Blanket, Blanket for Him, Custom Gift Boyfriend",63.99,5,"1,684"
37,"Hudson’s Bay blanket, Replica, Point blanket, Queen Wool Blanket, Thick wool blanket, Point blanket, Stripes blanket, Best seller",159.00,5,19
38,"T-shirt quilt,Personalized quilt, Jersey quilt, Adult size T-shirt quilt, college shirt quilt, high school shirt quilt, quilt, Shirt quilt,",170.00,5,173
39,"Swaddle blanket, wrap blanket, double gauze, cotton newborn wrap, cotton, newborn prop, twins, arrow embrace modern baby girl, baby boy",10.99,5,"5,573"
40,"Personalized Frozen / Queen Elsa, Princess Anna and Olaf Baby Name Blanket - Frozen 2 Disney Princess Nursery Theme - Personalized Quilt",39.99,5,"1,029"
41,6 Pack of Pet Blankets - 24 x 28 Soft Polar Fleece Blanket for Dog or Cat - Checkered Patterns,15.99,5,554
42,Thnapple Cuddle the Koala Hooded Blanket FREE SHIPPING,39.99,5,181
43,Personalized Tractor / Farming Baby Name Blanket - Boy's John Deere Nursery Theme - Minky or Fleece - Personalized Quilt Style Blanket,39.99,5,"1,029"
44,"Classic Winnie the Pooh Blanket, Monthly Milestone Blanket, Personalized Baby Shower Gift, Watch Me Grow Blanket, Disney Milestone Blanket",49.99,5,"1,684"
45,"Christmas Movie Fleece Blanket, This Is My Christmas Movie Watching Blanket, Christmas Movie Fleece Throw Blanket",30.00,5,46
46,"Large Upcycled Denim Picnic or Utility Blanket or Quilt (8"" squares)",97.00,5,179
47,Thin Blue Line Blanket Custom | Police Officer Blanket | Law Enforcement Blanket | Deputy Sheriff Blanket | Blue Line Blanket,84.95,5,"5,634"
48,Mexican outdoor baja blankets,20.00,5,10
49,Blanket Bindings | Wrights Satin Blanket Bindings,8.99,5,"2,784"
50,"Personalized peppa pig name blanket, Peppa name blanket, Peppa Pig Blanket, Peppa Blanket",22.50,5,"9,685"
51,Handmade Pom Pom Knitted Sofa Throw Blanket,80.49,5,"9,685"
52,Leather blanket roll / hiking gear / serape blanket / outdoor / bedroll / motorcycle /yoga blanket / cholostyle,54.99,5,43
53,U.S. Navy Blanket -  Navy Gift - Personalized Graduation Navy Blanket,59.99,4.5,21
54,"Crochet Blanket and Pillow Patterns, The Sweet Slumbers Pillow and Afghan Patterns, Crochet Afghan Pattern, Crochet Pattern",2.75,5,"3,631"
55,Personalized Princess Baby Blanket - Princess Baby Blanket - Personalized Blanket - Personalized Baby Blanket - Ice Princess Blanket Snowman,36.97,5,"6,794"
56,Faith blanket / Faith print blanket / Black blanet / Fleece blanket,29.99,4.5,118
57,Personalized IVORY SHERPA  Double Sided Pet Blanket FREE Emroidery  / Double Sided Blanket/ Pet Item/ Pet GIft/ Cat Blanket / Dog Blanket,16.00,5,935
58,"Cow Print Blanket, Black Cow Blanket, Western Blanket, Cow Blanket, Cow, Cow Blanket",35.00,5,251
59,Custom T-Shirt Memory Blanket,80.00,5,23
60,CROCHET PATTERN - For the Love of Texture Afghan. Crochet Heirloom Blanket. Crochet Stitches. Crochet Texture. Crochet Blanket Pattern.,3.29,5,53
61,"woodland fox, bunny baby blanket, custom made  personalised blanket",22.72,5,708
62,Giraffe Lovey - Personalized Baby Gift - Giraffe Security Blanket - Lovie - Baby Shower Gift - Monogrammed Baby Gift Unisex,22.00,5,186
63,"Gift for Friend with Cancer, Cancer Gift, Inspirational gift, Customized blanket, Gift for going through chemo, Personalized Blanket",54.40,5,"6,605"
64,Beach Walk Blanket Crochet Pattern,4.26,5,225
65,"Blippi blankets for all genders, light and dark skin. Little ones will love these!",49.99,5,272
66,Custom Musical Theater Fan Blanket- customize with your favorite Broadway musicals or Broadway plays,83.00,5,89
67,Personalized Fleece Blanket,40.50,5,135
68,RBG - Ruth Bader Ginsburg Quotes - Throw Blanket,37.95,5,98
69,"Purple Gold Floral Baby Milestone Blanket Girl, Personalized Girl Blanket, Track Baby Growth, Monthly Growth Blanket, Baby Girl Blanket",38.25,5,"3,230"
70,New!! Butterscotch Yellow plaid Fisher Price replica bunny blanket,28.00,5,978
71,"ABC Minky, ABC Animal Blanket, Alphabet Minky, Alphabet Animals, Toddler Minky Blanket, Soft Baby Blanket, Gender Neutral Minky, Zebra 58x32",72.00,5,153
72,"Swimmer Personalized Sherpa Blanket, Personalized Swimmer Gift, Premium Extra Soft Custom Swimmer Blankets",59.99,5,"1,474"
73,"Linen weighted blanket, sensory blanket, heavy comforter with glass bead filling, weighted adult linen blanket sleep aid Valentines Day gift",86.16,5,233
74,Woodland Themed Baby/Toddler Taggy Blanket/Comforter/Gift - can be personalised,7.80,5,147
75,Personalized  Blanket -  Baby Blanket - Personalized Baby Blanket- Personalized Name Blanket - Baby Name Blanket,36.97,5,"6,794"
76,"NFL Kansas City Chiefs Double-Thick Fleece Bedspread/Blanket/Throw - 67""x57""",53.99,5,39
77,Witch Things Blanket,115.00,5,380
78,Milestone Blanket Boy KTM Dirt Bike Personalized Baby Blanket Custom Name Baby Blanket Growth Chart Blanket Newborn Blanket Personalize,34.02,5,"3,444"
79,"Chunky knit blanket, Chunky blanket, Knitted Blanket, Wool Blanket, Merino Wool, Blanket, Chunky yarn, Wool throw, Throw blanket",100.70,5,302
80,"Thin Blue Line Baby Milestone Blanket, Policeman Baby Blanket, Baby Boy Milestone Blanket, Personalized Police Baby Blanket, Watch Me Grow",35.99,5,"6,135"
81,Knitting Pattern. Blanket Knitting Pattern. Afghan Knitting Pattern. Bulky Throw Pattern. Home Decor Knitting Pattern.,3.00,5,621
82,"SALE Personalized Name Blanket, Personalized Toy Story Blanket, Toy Story name blanket,  personalized toy story name blanket",22.50,5,"9,685"
83,Could I be any cuter Month milestone blanket Baby age monthly blanket Friends themed gift,40.79,5,200
84,"Soccer Personalized Sherpa Blanket, indoor, home, soft, bedroom, custom, sports, boy, warm, gift, child, kid -gfyU1159287-soccer",49.98,5,"9,637"
85,Side by Side or Miles Apart/FREE SHIPPING/Connected by heart/Personalized Throw Blanket / Family Tree Throw Blanket/Christmas gift/moving,55.00,5,"3,770"
86,Cowhide Blanket,30.00,5,87
87,"Rustic Adventure Blanket, Personalized Baby Boys Blanket, Security Blanket,  baby blanket, baby gift, adventure blanket, arrows, quote",26.00,4,407
88,Sugar Skull blanket / Sugar blanket / Floral Skull blanket / Fleece blanket,29.99,4.5,118
89,Soft Rat kaiju Blankets,60.00,5,166
90,"Satin blanket, charmeuse satin, double-sided satin blanket, satin, silky blanket, soft blanket, aqua and lavender, blue green, purple woobie",19.00,5,"5,573"
91,Sushi & Ramen Birds Throw Blanket,30.00,5,"10,289"
92,Chicago Flag Woven Cotton Blanket,80.00,5,421
93,Draco Malfoy Throw Blanket,45.99,4.5,107
94,Hallmark Christmas movie blanket plush twin size,38.00,5,21
95,"NFL Tennessee Titans Double-Thick Fleece Bedspread/Blanket/Throw - 67""x57""",53.99,5,39
96,"Personalized Milestone Baby Blanket- Boy or Girl, Gender Neutral, Leaf Frame, Baby Shower Gift",38.50,5,"10,181"
97,Personalized Golf Stadium Blanket - Golf Team Gift - Golf Senior Gift - Golf Player Gift,26.00,5,"1,990"
98,"Sherpa Throw Blanket- Soft, cozy blanket- 4 color options",65.00,5,"1,990"
99,"Wool Blanket, Moroccan Blanket, Wool Wedding Blanket Handira White with Metal Sequins, Bed Blanket",181.94,5,4
100,German Flag Blanket / German print blanket / Flagge Deutschlands / Cosy Fleece blanket,29.99,4.5,118
101,Curious George Blanket,29.00,5,94
102,"Custom Blanket, Boat Blanket, Lake House Blanket, Beach House Blanket, Beach House Gift, Lake House Gift, Personalized Throw Blanket",58.00,5,"1,676"
103,"Block Sherpa Blanket, Block Blanket, Block Gift, Kids Blanket, Cool Kids Blanket, Funny Blanket",54.99,5,213
104,AUTISIM Awareness Tied Fleece Blanket,35.00,5,26
105,Tag Minky Sensory Blanket,13.00,5,101
106,"Standard Size Custom Stadium Sherpa Fleece Hockey Blanket Blanket Economy- Any Color, Any Name, Any Team",65.00,5,28
107,Donkeys Over Gate Super Soft Fleece Blanket By Grace Scott,28.50,5,557
108,Swear Blanket- Pattern,2.00,4.5,29
109,Fire Safety Blanket,12.50,5,59
110,"Cardi B Blanket, Fleece Throw Blanket, All Over Print, Cardi B Fans Blanket, Cardi Lovers Gift, Fun Gift",68.99,4.5,"1,503"
111,Justin Bieber  Sexy Underwear Shoot Ultra Soft Plush Fleece Blanket,50.00,5,149
112,If You Dont See Dunkin Donuts In My Hand Just Turn Around And Back Away Slowly Velveteen Plush Blanket Dunkin Donuts Blanket,24.99,5,10
113,Money Blanket / Money printed blanket / Dollar banknotes print blanket / Dollar bill print blanket,29.99,4.5,118
114,Personalized Retirement Blanket - Retirement Blanket - Custom Retirement Blanket,65.00,5,308
115,Blanket Hoodie - PDF Sewing Pattern,8.00,4.5,220
116,Beagle  - Comfy Fleece Blanket,39.95,4,493
117,African style - Mini Khotso traditional Basotho Blanket Blue,80.00,5,11
118,Oversized Adult Muslin Blanket - The 365 Blanket™ - Giant Gray Comforter in all sizes. 100% Cotton & Machine-Washable!,149.99,5,116
119,Donuts blanket / Colorful donut blanet / Donut blanket / Fleece blanket,29.99,4.5,118
120,"Personalized Horse Blanket, Horse Decor, Horse Love, Horse Blanket for Girls, Horse Blanket Pattern for Boys, Horse Lover Gift",59.95,5,108
121,Personalized Blankets / Monogrammed Flannel Blanket / Embroidered Flannel Stadium Blanket / Plaid Blanket / Personalized Stadium Blankets,33.75,5,"2,135"
122,"Cat Blanket, Narwhal Blanket, Warm Fleece Throw, Funny Theme, Home Decor, Fleece Fabric, College Dorm Decor, Cat Art, Plush Fabric",29.99,5,"8,278"
123,"Weighted Blanket with Removable Cover | 5, 10, 15, 20 lbs | Gray Cotton Blanket | Navy Blue Cover",49.99,5,39
124,Sorority Plush Navy Blanket with Name,38.00,5,219
125,Crochet Blanket Pattern | Square Sampler Crochet Blanket | Crochet Cables | Crochet Squares | Textured Crochet | Throw Blanket | Patchwork,4.00,5,190
126,"Sage Baby Blanket and Ivory Dot Minky Baby Blanket,Newborn Girl or Newborn Boy, Baby Blanket, Standard Size",40.00,5,"13,238"
127,"Personalized Trolls Blanket, Trolls Movie Blanket, Trolls Blanket, Poppy Blanket, Trolls Name Blanket, Trolls Monogram Blanket",28.80,5,"9,685"
128,Lifetime Movie Watching Blanket,50.00,5,348
129,"Purple Cancer Awareness Quilt Blanket, Purple Ribbon Premium Quilt, Purple Dragonfly Blanket, Cancer Awareness Campaign Backgrounds Gifts",54.95,5,348
130,Keep Calm And Kill Zombie Ultra-Soft Micro Fleece Blanket,35.00,5,348
131,Warrior Girl Blanket / Chd Awareness / Nicu Baby Brave Little Fighter Inspirational Gift,35.00,5,"4,989"
132,"Gift for Friend with Cancer, Cancer Gift, Inspirational gift, Customized blanket, Gift for going through chemo, Personalized Blanket",54.40,5,"6,605"
133,Lovey Blanket- WILD at HEART BURGUNDY- baby lovey- security blanket- baby gift- girl lovey- ready to ship- baby blanket- cuddle blanket,26.50,5,"4,577"
134,D&D Blanket with Dice Pattern | Sherpa Fleece Blanket | Dungeons and Dragons Pathfinder Tabletop RPG Gift,55.00,5,104
135,The 1911 Purple Blanket by A Lill Company,50.00,5,57
136,Unicorn Blanket - Personalized Unicorn Blanket - Unicorn - Monogram Girl Blanket - Unicorn Room - Girl Name Blanket - Name Blanket - Blanket,20.00,5,"6,536"
137,"Protection Blanket, Psalm 91, Get Well Gift, Scripture Decor,  Nana Blanket, Christian Gift Blanket, Prayer of Protection, Bible Art, Custom",74.95,5,291
138,Baptism Christening Blanket Baby Personalized Embroidered,39.00,5,314
139,"Disney Tangled Sun Blanket, Disney Throw Blanket, Disney Home Decor, Disney Gift",48.24,5,"2,280"
140,Personalized Minky Elmo Baby Blanket /Lovey/Taggie/ Stroller Blanket/Shower Gift FREE SHIPPING,20.99,5,762
141,Family is Everything Gift | Personalized Family Tree Blanket | Custom Embroidered Family Throws | Grandma Gift grandchildren | Anniversary,91.00,5,"2,902"
142,Vending Machine Snack Ultra-Soft Micro Fleece Blanket,35.00,5,"2,902"
143,"ACOTAR Night Court Blanket, A Court of Thorns and Roses, Feyre, Rhysand, Sarah J Maas, Throw Blanket, Sherpa Fleece Blanket, Large 50""x60""",65.00,5,"2,892"
144,"Personalized Triplet Blanket,Boy Girl Triplet Blanket,Gift for Triplets,Personalized Baby Blanket, Baby Boy Milestone Blanket, Watch Me Grow",41.98,5,"2,088"
145,"2 yard, hand tied, double sided, fleece LA Kings blanket",40.00,5,221
146,Halloween Nightmare Jack Skellington Moon Phase- Into The Darkness Super Soft & Light Weight Fleece Blanket,50.99,4,113
147,Good at Naps Blanket - Plush Fleece Throw Blanket,35.00,5,"1,440"
148,"Chicken Blanket, Chicken Throw Blanket, Chicken Fleece Blanket, Chicken Kid Blanket, Chicken Adult Blanket",49.90,4.5,524
149,It Is Well With My Soul 40x60 Large Soft Fleece Blanket,60.00,5,206
150,"My hero academia blanket, Katsuki, Izuku fleece blanket, soft blanket, bedding, baby blanket, adult blanket",56.63,5,37
151,Chicago Blackhawks Fleece Blanket,35.00,5,70
152,"Personalized Light Pink Vintage Inspired Crocheted Baby Blanket 30"" x 40"" Gift Boxed",35.95,4.5,"1,844"
153,"SALE Personalized Name Blanket, Personalized Frozen Blanket, Princess Baby girl name blanket,  personalized princess name blanket",27.00,5,"9,685"
154,Dolphin Blanket / Dolphin Throw Blanket / Dolphin Fleece Blanket / Dolphin Adult Blanket / Dolphin Kid blanket,29.99,4.5,118
155,Knitting pattern ~ Easy Baby Blanket ~ Reversible Design ~ Aran Yarn,3.55,4.5,412
156,Receiving Blanket Bunny - your baby's flannel receiving blanket made into a BUNNY!  Baby Shower Gift Certificate New Baby Gift,43.50,5,982
157,West Virginia Map Sherpa Fleece Blanket - West Virginia Map Blanket - West Virginia Fleece Blanket - West Virginia Map Throw - West Virginia,62.00,5,"5,112"
158,Personalized Princess Baby Blanket - Princess Sherpa Throw Blanket - Personalized Baby Blanket - Personalized  Blanket - Princess Blanket,37.82,5,"6,794"
159,"AK: Prince William Sound, AK Nautical Chart Throw Blanket / Made to Order",48.99,5,605
160,Super Soft Breathable Baby Blanket Muslin Swaddle Wrap,19.99,5,605
161,STITCH Blanket- Personalized Minky Blanket - Gray & Blue Minky - Embroidered Stitch Character,35.00,5,628
162,Six Time Liverpool Blanket FC Fleece Throw Three Sizes Large Medium Small Adult Kid Sizes FIFA Premier League LFC Champions League,35.00,4.5,260
163,Panda Monthly Milestone Blanket -  Baby Age Blanket - Blanket for Newborn Nursery - Panda Baby Decor - Baby Age Blanket - Baby Shower Gift,44.00,5,"2,018"
164,This is my blacklist redemption watching blanket”. Can be personalized. Perfect gift for the blacklist redemption fan!,30.00,5,53
165,Whale Baby Blanket - Narwhal Baby Swaddle Blanket -  Nautical Receiving Blanket - Baby Photo Prop - Fish Sea Life Nursery - Baby Shower,16.99,5,929
166,"Another Timmy Collage Sherpa Fleece Blanket, Timmy Throw Blanket, Musical Collage Throw Blanket",41.43,3.5,46
167,Transgender Pride Blanket,45.00,5,121
168,Mexican Blanket - Diamond Blanket - Baja Blanket - Mexican Fabric - Yoga blanket - Bohemian Blanket -  Bright blanket - Thick Blanket,45.00,5,59
169,"Wood Star Marker, Milestone Blanket Marker, Month Marker, Baby Shower Gift, Photo Prop, Keepsake",12.00,5,"6,185"
170,Customizable | USMC | Marines | Fleece Blanket | Military | American Flag | Multicam | Deployment Gift | Army Girlfriend | Navy | Air Force,69.95,5,242
171,Personalized Godchild Gift / Goddaughter Gift / Godson Gift / Baptism Blanket / Christening Blanket / Baptism Keepsake Gift / Prayer Blanket,49.95,5,285
172,"Star Milestone Marker, Baby Milestone Blanket Marker, Baltic Birch Wood Milestone Marker, Baby Shower Gift, Photo Prop, Month Marker",9.99,5,"6,135"
173,Gender Neutral Crinkle Toy - Baby Girl Gift - Baby Boy Shower Gift - Crinkle Blanket - Lovey -  - Ribby Crinkle Crackle - HARVEST MOON,15.50,5,"1,203"
174,"Heated BLANKET 44""x18"" WASHABLE Microwave Rice Heating Pad XXL Large Heat Therapy Rice Bag Gift Mom Dad Boss Lavender Unscented Minky Fleece",64.99,5,"3,799"
175,"Personalized stadium blanket, Sweatshirt blanket, Fleece blanket, Monogrammed blanket",26.99,5,"2,981"
176,FREE SHIPPING SALE! Organic Bamboo Muslin Baby Monthly Memory Swaddle Blanket 1st first year Photo Growth Prop Month Mile Marker shower gift,30.50,5,586
177,Receiving Blanket BEAR - Have Your Baby's Receiving Blanket made into a plush BEAR - Baby Shower Gift,43.50,5,982
178,Custom Made Throw with Grey Damask Lush Minky Fabric - #1224,52.50,5,65
179,Co. Mayo Throw Blanket,47.00,5,23
180,Will You Marry Me? Picnic Blanket | 50 x 60 Picnic Blanket,55.00,4.5,330
181,Custom Fleece Tie Blankets,33.00,5,3
182,Military Blanket,84.95,5,"5,634"
183,AgiBak Red Tractor Mink Blanket – I Don’t Snore I Dream I Don’t Stop when I’m Tired Farmer Woven Blanket Fleece Blanket Throw 60X80 Inch,51.35,4.5,13
184,Cats Blanket / Cats print Blanket / Kids blanket / Fleece blanket,29.99,4.5,118
185,Granny Squares Blanket / Granny Square Afghan / Baby Afghan,106.50,5,73
186,Cute Frog Blanket - Frog Throw Blanket - Frog Fleece Blanket - Frog Pattern Blanket - Frog Print Kids Blankets,45.95,4.5,47
187,"Paw Patrol Blanket, Fleece Throw Blanket, Chase, Marshall, Rubble, Personalized Childs Blanket",35.00,5,332
188,Brand New Clemson Tiger Football Double Sided Hand Tied Fleece Rag Blanket,21.00,5,536
189,Superhero Blanket- Personalized Minky Blanket - Black and Yellow Minky - Embroidered Batman logo,33.50,5,628
190,Hawaii Map Fleece Blanket - Hawaii Blanket - Wedding Gift - Hawaii Gift - Hawaii Housewarming Gift,62.00,5,"5,112"
191,State Pride Series College Station Texas - Personalized Custom Fleece Blankets with Your Family Name -  Football Basketball Edition,20.00,5,711
192,Biddeford Baby Blanket Knitting Pattern,5.00,5,16
193,"Personalized Milestone Blanket Boy, Classic Winnie The Pooh Milestone Blanket, Personalized Pooh Blanket, Milestone Blanket, Classic Pooh",37.00,5,"9,685"
194,Moon Stars Clouds Minky Baby Blanket in Gray,45.00,5,545
195,"Cry Baby Walker, Johnny Depp,  Cry Baby, Ultra Soft Plush Fleece Blanket, Drapes, Squares",50.00,5,149
196,"Personalized Blanket - Pig Blanket -  Piggy Personalized Blanket - Personalized Baby Blanket - Personalized Name Blanket - Name Blanket, Pig",37.82,5,"6,794"
197,"Meerkat Blanket, Meerkat Lover Gift, Fleece Blanket, Gifts, Personalized Blanket",15.90,4.5,368
198,"Librarian Blanket, Librarian Gifts Blankets, Gifts For Librarian",34.95,4.5,368
199,Personalized Kittens Minky Baby Blanket,35.00,5,858
200,PATTERN American Flag Crochet Blanket PATTERN,5.00,5,211
201,Personalized Minky Cuddle blanket Koala,37.85,4.5,484
202,"Personalized Bull Milestone Blanket, Boy Bull, Photo Prop, Age Blanket, Tribal, Milestone, Bull With Feathers, Skull, Bones, Cowboy, Western",33.60,5,600
203,"Book Blanket, Book Throw, Book Lover Gift",25.90,5,20
204,"Personalized Baseball Blanket, Sports gift, baseball blanket gift",59.00,5,"2,616"
205,"To Have and the Hold Sign, Wedding Blanket Sign, Blanket Sign, Winter Wedding Sign, Wedding Guest Blankets, Outdoor Wedding Signs, yv374",2.40,5,"2,037"
206,Shawn Mendes Blue blanket,39.99,5,"2,037"
207,lovemyfabric Fleece Printed United States Marine Corps Print Blanket/Throw,34.99,5,235
208,Woodland Milestone Blanket Monthly Growth Tracker Soft Fleece Fox Blanket Baby Shower Gift Newborn Gift Blanket Watch Me Grow Baby Boy,35.99,5,"6,185"
209,Ultimate Hunting Blanket with Deer and Fawn Minky Adult and Baby Blanket by The Handmade Heifer,85.00,5,578
210,"NFL Detroit Lions Double-Thick Fleece Bedspread/Blanket/Throw - 67""x57""",53.99,5,39
211,Jeep Home State blanket,28.00,4.5,41
212,"Army woobie baby blanket, military blanket, baby blanket, camouflage blanket, deployment gift for child, deployment gift, deployment doll",45.00,5,89
213,"Easy Baby Blanket KNITTING PATTERNS Beginner Friendly, Simple Pretty Squares & Diagonal Bumps",4.25,5,502
214,Blanket Wall Rack // FREE SHIPPING // Modern Minimalist Wooden Wood Towel Throw Quilt Storage // Living Room Bathroom Decor,175.00,4.5,156
215,Music Speaks Sherpa Hooded Blanket,49.95,4.5,398
216,Grateful Dead Lucky Sam Woven Cotton Blanket Terrapin Station,99.00,5,686
217,Bernat Blanket Big,17.03,5,160
218,"Bee Blanket,  Bee Throw Blanket, Bee Fleece Blanket, Bee Adult Blanket, Bee Kid Blanket",49.90,4.5,524
219,This is my netflix & chill blanket- Digital Image (SVG/PNG),3.00,4.5,109
220,"Blaze and the Monster Machine Blanket, Personalized Blanket, Nick Jr, Custom Blanket, Birthday Gift for Boys, Personalized Baby Blanket",49.99,5,"1,684"
221,"INSTANT DOWNLOAD- Customizable** Baby Girl Blanket -Floral Theme for sublimation printing-.studio3 file, jpeg, png,silhouette",6.50,5,19
222,Personalized Garbage Truck Blanket - Personalized Fleece Blanket - Baby Fleece Blanket - Baby Receiving Blanket - Personalized Baby Blanket,53.00,5,"1,797"
223,Greyhound Personalized Custom Fleece and Sherpa Blankets with Your Family or Dog's Name - Great Gifts for Dog Lovers,25.00,5,711
224,"Great White Shark Fleece Throw Blanket (Pattern #1) For Kids, Teens, And Adults - Great Gift For Shark Lovers",49.95,4.5,112
225,Navy and Gray Personalized Dinosaur baby blanket / Personalized baby shower gift / Boy's gray Dinosaur Nursery / Navy Dinosaur blanket,45.50,5,549
226,"fleece blanket mockup, blanket INSTANT DOWNLOAD,Christmas blanket mockup,blanket instant download gray mock up, grey mockup, grey blanket",5.00,5,292
227,Resilience In Bloom,9.75,5,49
228,"To Have and to Hold Tag, Wedding Favor Tag Template, Blanket Favor Tag, In Case you Get Cold Tag, Edit with TEMPLETT, WLP-SOU 1548",3.60,5,"6,235"
229,"Reversible Baby Blanket Knitting Pattern, Baby Blanket Pattern",6.40,5,657
230,"Shadowhunter Runes Blanket, Angelic Rune, Mortal Instruments, Infernal Devices, Dark Artifices, Cassandra Clare, Parabatai, Dorm Decor",65.00,5,"2,892"
231,"By Sea baby boy blanket, fish minky blanket, baby boy gift, nautical baby blanket, blue minky baby boy blanket, PERSONALIZATION NAME. gift",48.00,5,163
232,"Sheep Blanket, Sheep Throw Blanket, Sheep Fleece Blanket, Sheep Kid Blanket, Sheep Adult Blanket",49.90,4.5,524
233,Personalized Taggie Blanket,15.00,5,18
234,"Alice In Chains For Fans Quilt, Fleece Blanket",40.00,4,9
235,Space Blanket | Constellation Blanket| Baby Boy Blanket | Baby Girl Blanket | Outer Space Baby Blanket | Baby Shower Gift | Baby Gift | Baby,26.00,4,407
236,Personalized Hospital/Receiving Blanket Bunny - Personalized Memory Bunny - Keepsake Animal - Stuffed Animal,44.50,5,235
237,"Hedgehog Blanket, Hedgehog Throw Blanket, Hedgehog Fleece Blanket, Hedgehog Kid Blanket, Hedgehog Adult Blanket",49.90,4.5,524
238,Movie Popcorn Fleece Blanket 50x60 60x50 Fun Media Room Home Theater Gift Throw Blanket Sherpa,46.95,5,68
239,Hand tied fleece Vegas Golden Knights blanket,40.00,5,221
240,"Giraffe  Blanket, Unique and Awesome Fleece Throw Blanket for Giraffe Lovers.",43.99,4.5,460
241,"Watercolor Floral | Personalized blanket for kids, Baby Girl, Baby Blanket, Personalized Gift, Milestone Floral Blanket, Swaddle Blanket",40.99,4.5,"6,695"
242,Pastel rabbit taggy blanket,10.65,5,250
243,"Cher Blanket 79"" Collage Sherpa Fleece Winter 150 x 200 cm Beautiful Warm Soft Cozy",79.99,5,96
244,Harry Potter Inspired Milestone Blanket- Personalized baby boy blanket-  Wizard Baby blanket- Baby shower gift- Monthly Milestone Blanket,43.13,5,"1,960"
245,Parks And Recreation Blanket Parks And Rec Gift Ron Swanson Leslie Knope Lil Sebastian April Ludgate Housewarming Gift Christmas Gift,65.00,5,116
246,Custom Handwoven Baby Blanket - Cotton,85.00,5,174
247,Personalized Christmas Blanket - Subway Art,40.00,5,"1,729"
248,The Winter Season Blanket 2020,4.26,5,225
249,"Llama Blanket, Llama Throw Blanket, Llama Fleece Blanket, Llama Adult Blanket, Llama Kid Blanket",49.90,4.5,524
250,"Polar Fleece Blanket, Octopus Blanket, Tentacles Blanket, Kraken Throw Blanket, Modern Home Decor, Deep Sea Throw Blanket, Gift for Friend",79.65,4.5,389
251,"Wine Drinking Blanket, personalized  Ladies Night Out, Wine Lovers GIft",38.00,5,332
252,Handmade Crochet Blanket,145.00,5,332
253,"Bubble blanket diy,bubble quilt, bubble quilt pattern, Bubble puff quilt, Baby bubble blanket, Bubble play mat, bubble quilt tutorial,",5.50,5,87
254,Baby Bear Blanket - Bear Blanket - Bear Paw Blanket - Bear Baby Blanket - Bear Nursery - Bear Crib Blanket - Baby Shower Gift -,52.00,5,251
255,"Floral Giraffe Baby Blanket, Red Floral Roses Watercolor Giraffe Blanket, Baby Girl Personalized Gift, Baby Name Blanket Girl, Girl Giraffe",38.25,5,"3,230"
256,Michael B Jordan Killmonger Sexy Black Panther Ultra Soft Plush Fleece Blanket,50.00,5,149
257,"Reasons Why Personalized Cuddle Wrap, Mother's Day Gift, Gift for Grandma, Gift for Her, Blanket Wrap, Pocket Wrap, Cuddle Wrap with Pockets",44.99,4.5,"3,803"
258,Swaddle blanket with crocheted Lace Trim and double gauze - Blush Pink,22.00,5,159
259,"Baby Lovey or Personalized Minky baby blanket, Custom Baby Blanket, White Gray Arrow Baby Blanket, Minky Baby Blanket, Arrow Blanket",13.00,5,"5,934"
260,"Stone Washed Throw,Turkish Blanket,Pale Green Blanket,67""x85"",Stone Washed Bedspread,Throw,Stone Washed Blanket,Beach Throw,B9-zeusB",80.00,5,"8,259"
261,Custom Paw Patrol Minky Fleece Blankets For Men Women Kids Boys Girls Babies Extra Large and Soft,40.00,4.5,260
262,"Riverdale blanket, Riverdale fleece blanket, soft blanket, bedding, baby blanket, adult blanket",56.63,5,37
263,"Over the Mountains, Adventure Baby Blanket, Rivers Baby Blanket, Lovey, Camping Blanket",39.00,5,121
264,Liam The Lamb Baby Lovey Blanket Comforter Security Blanket Crochet Pattern - Baby Shower Gift - Farm Animals Sheep Lovey - Blankie For Baby,4.64,5,781
265,"Blanket Sign, Wedding Blanket Sign, Wedding Blanket Favors, Blankets Wedding, Winter Wedding Sign, Wedding Guest Blankets, Printable, yv387",2.40,5,"2,037"
266,"Arrow Milestone Marker, Baby Milestone Blanket Marker, Baltic Birch Wood Milestone Marker, Baby Shower Gift, Photo Prop, Monthly Marker",13.19,5,"6,135"
267,Png Files - Png Designs - Png Downloads - Sublimation - Book Reading Blanket Png - Reading Blanket Png - Favorite Blanket Png,2.99,5,129
268,"Personalized Baby Blanket or Lovey, Bear Baby Blanket, Personalized Minky Baby Blanket, Navy Bear Baby Blanket, Baby Name Blanket",14.00,5,"7,471"
269,"2Pcs Ceramic Fiber Blanket 8# Density, 2300F (1"" x 12""x 24"") for Insulation of Stoves, Fireplaces, Pizza Ovens, Kilns, Forges, Furnaces",17.99,4.5,160
270,"Race Car Milestone Blanket, Baby Boy Milestone Blanket, Speedometer Nursery Decor, Personalized Monthly Baby Blanket, Racing Blanket",46.95,5,96
271,"Personalized Gift: Love Letter Blanket, Christmas Gift, Mother's Day Woven Throw for Mom, Dad, Grandparents, Wedding or Anniversary Present",159.00,5,"1,202"
272,Crown royal made from bags purple and gold blanket,169.00,5,25
273,Baby Girl Security Blanket Lovie Pink Smooth Minky with Pink Satin and Pink Satin Ruffles 13 x 13 inch,24.00,5,"1,094"
274,"Ballerina Party, Personalized Gift Ballerina, Ballerina Gifts For Toddler, Personalized Baby Blanket Girl, Baby Girl Name Blanket,First Gift",34.02,5,"3,444"
275,"Stay Sexy Don't Get Murdered Sherpa Fleece Blanket, MFM Blanket, My Favorite Murder Blanket, MFM Podcast Gift, True Crime Blanket",54.99,5,312
276,Your Custom Image - Design Your Own - Sherpa Fleece Blanket - Any Color - Any Photograph - Any Design in Mind,42.36,4.5,164
277,"Baby Girl Milestone Blanket with Blush Navy Flowers, Baby Month Blanket, Custom Baby Shower Gift, Track Growth and Age, New Mom Present",44.45,5,"1,960"
278,"Custom Pit Bull Blanket, Pitbull Gifts Blanket, Pitbull Fleece Blanket",34.95,4.5,368
279,Personalized Boy Blanket - Monogram Boy Blanket - Personalized Baby Blanket -  Monogram Baby Boy Blanket - Name Blanket - Girl Name Blanket,46.00,5,"6,536"
280,Boy Monthly Blanket - Sports Milestone Blanket - Milestone Blanket - Month Blanket - Sportl Nursery - Personalized Baby Blanket - Sport Room,46.00,5,"6,536"
281,"Personalized Baby Boy Blanket, Personalized Arrow Blanket,  Personalized Swaddle Blanket, Milestone Blanket",20.00,4.5,"2,592"
282,"Step Daughter Gift, Stepdaughter Blanket, StepDaughter GIft,Gift from Stepmom, Bonus Daughter, Fleece Blanket Daughter",49.45,5,211
283,Robbie Adrian Organic Cotton Fleece Baby Blanket with Straight Silk Trim,45.00,5,211
284,STAR BLANKET // Signed A4 print,21.30,5,"4,656"
285,"Baby Blanket, Post Surgery Blanket, Chemo Blanket, You Are Stronger Than You Seem, Braver Than You Believe, and More Loved Than You Know",54.99,5,214
286,"Mermaid Tail Blanket - Beautiful, Quilted, Embroidery Stitching - Soft Flannel Lining",15.00,5,128
287,Gray Race Car Minky Blanket and Pillow Set with Personalization for Toddler or Preschool Nap Set Travel Blanket and Pillow,65.00,5,"1,297"
288,"Kalena Pink, Quilted Hawaiian Baby Blanket, Made in Hawaii, Hawaiian Baby Shower Gift, Comforter",47.00,5,950
289,"Bulky Hooded Owl Blanket, Owl, Owl Blanket, Owl Lover Blanket, Hooded Owl, Bulky Owl Blanket, Crochet Hooded Owl Blanket",100.00,5,59
290,Handmade fleece French Bulldogs blanket,10.80,5,115
291,"Papa Bear Blanket for Dad, Sweater Fleece Bear Blanket for Man, Personalized Gift for Dad, Gift for Grandpa, Personalized Blanket for Adult",38.00,5,53
292,Periodic Table Throw Blanket / Tapestry Wall Hanging - Standard Multi-color,49.99,5,803
293,Monogrammed Stadium Blanket - Personalized Stadium Blanket - Sweatshirt Blanket,26.00,5,"1,990"
294,"Sunflower Blanket, Sunflower Throw Blanket, Sunflower Fleece Blanket, Sunflower Kid Blanket, Sunflower Adult Blanket",49.90,4.5,524
295,Creative Baby Shoes Milestone Blanket,28.99,5,1
296,Lumberjack Milestone Blanket Month Growth Tracker Plaid Blanket Baby Shower Gift Rustic Baby Boy Nursery Woodland Watercolor,35.99,5,"6,185"
297,Outdoor Adventure Side By Side Name Blanket,40.00,5,250
298,CUSTOM Fleece Cooler/Horse Blanket,155.00,5,73
299,"Milestone Card Set, Monthly Milestone Blanket, Baby Keepsake Memory Cards, Baby Shower Gift, New Mom Baby Gift, Baby Girl Gift, Boho Baby",45.00,5,184
300,Vintage Pulp Novel Montage Sherpa Fleece Blanket. 2 sizes,63.00,5,84
301,Muslin Blanket | Double Gauze Blanket | Muslin Swaddle | Muslin Toddler Blanket | Mustard Muslin | Ivory Muslin | Spice Muslin,25.00,5,450
302,"Iris Throw Blanket, Soft Floral Coverlet, Vincent van Gogh, Sherpa Throw Blanket, Irises, Floral Blanket, Soft Blanket, Personalized Throw",74.95,5,151
303,"Throne of Glass Blanket, Stag, Aelin, Rowan, Rowaelin, Terrasen, Sarah J Maas, Dorm Throw Blanket, Sherpa Fleece Blanket, Dorm Decor",65.00,5,"2,892"
304,Great Lakes Nautical Chart Throw Blanket / Made to Order,48.99,5,605
305,Koala Sherpa Fleece Blanket,70.70,5,55
306,"Custom Name Puerto Rican Flag Blanket, Customize Puerto Rico Blanket, Personalized Blanket, Puerto Rico Rican Flag",29.25,3,46
307,"Colorado Baby Blanket, Colorado Map Baby Blanket - Pima Cotton",52.00,5,"1,453"
308,This is my Lifetime moving watching blanket. NOT GUARANTEED for XMAS delivery,35.00,5,704
309,NHL Philadelphia Flyers Fleece Blanket-No Sew Fleece Blanket-Large,62.00,5,"1,469"
310,Instant Download PDF Knitting Pattern to make a Patchwork Squares Rustic Log Cabin Aran Sampler Blanket Picnic Rug Bedspread Sofa Throw,2.50,5,"2,322"
311,Paw Patrol Baby Blanket - Puppy Dogs Swaddle Blanket - Baby Flannel Blanket - Baby Photo Prop - Baby Bedding - Dog Character Nursery,18.99,5,929
312,Panda Anti-Pill Fleece Throw Blanket,17.99,5,"10,306"
313,"Cuddle Blanket, Personalized Couple Gift, Anniversary Blanket, Engagement Gifts For Couple, Wedding Throw Blanket, Future Mr And Mrs Gift",59.00,5,890
314,"Yaya Personalized Blanket Names Customized Christmas Gift for Yaya for Mother's Day, Birthday Grandparent Throw Blanket, Mother in Law Gift",43.19,5,"1,861"
315,Decorative Throw Blanket with Tassel Classical Sofa Blankets - 100% Cotton Throws Geometric Woven Soft Patio Comfy Bed Blankets,52.99,5,692
316,"Satin blanket, baby boy blanket, double-sided satin blanket, satin, silky blanket, silk blanket, soft woobie, cool blanket, thin blanket",20.00,5,"5,573"
317,Baby Blanket - Baby Girl Blanket - Personalized Girl Blanket - Monogram Girl Blanket - Floral Baby Blanket -  Baby Girl Name Blanket - Baby,40.00,5,"6,536"
318,"Temperature Blanket, crochet & knitting instructions. ORIGINAL",3.05,5,140
319,"Hearts Pattern Blanket, Hearts Pattern Lover Gift, Fleece Blanket, Gifts, Personalized Blanket",25.90,4.5,368
320,Cobra Kai Never Dies Sherpa Fleece Blanket,59.99,5,1
321,Hand tied fleece baby blanket with blue elephants on gray.,30.00,5,24
322,Personalized Watercolor World Map Plush Fleece Blanket - available many color background options -  SALE PRICING - change message,45.99,5,"1,687"
323,Western Personalized Milestone Blanket,30.00,5,"1,776"
324,Fuchsia Blanket,40.00,5,2
325,"AK: Kodiak Island, AK Nautical Chart Blanket / Made to Order",48.99,5,605
326,"My Cuddle Movie Watching Blanket  - Sublimation png file, Digital Download",5.00,5,"1,886"
327,"Let Me Sleep Panda Blanket, Gray Panda Blanket for Adults, Teens, Kids and Babies - Sherpa Blanket or Fleece Throw Blanket",40.00,5,70
328,"Woodland Baby Blanket, Be Brave~Little One Blanket, Patchwork Design Blanket, Personalizatin Option",28.95,5,265
329,White Minky Blanket Flatlay Minimalist Styled Stock Image JPG Fleece Baby Blanket Canva image stock Printed Mint Dye Sublimation Photography,2.49,5,109
330,"Science Chalkboard Design #1 Fleece Throw Blanket (Black) - Great Gift For Scientists, Teachers, Math Geeks, And Science Nerds",49.95,4.5,112
331,Satin Rosette Baby Blanket. Several Colors Available. Baby Pink,41.95,5,"4,062"
332,"Personalized Otter Blanket - Soft Minky Blanket with Sizes for Baby, Child, Teen, or Adult! Great for Mother's Day and Birthdays!",41.00,5,"2,919"
333,Pride & Prejudice Quotes Throw Blanket,37.95,5,98
334,Alien fleece blanket - Alien bedding - Area 51 Fleece Blanket In Black - Gift for alien lover - Pastel goth Alien blanket - Christmas,45.05,4.5,892
335,CRXWN | Drip or Dye | Plaid Season 1 BLANKET Alien Drip,40.50,4.5,12
336,LIMITED EDITION -- Selena Handwoven Blanket,164.00,5,2
337,British Bulldog Personalized Custom Fleece and Sherpa Blankets with Your Family or Dog's Name - Great Gifts for Dog Lovers,20.00,5,711
338,Soccer balls fleece tie blanket,45.00,5,427
339,UCF Knights No-Sew Fleece Blanket,65.00,5,330
340,"INSTANT DOWNLOAD- Customizable** Baby Boy Blanket -WoodlandTheme for sublimation printing- .studio3 file, jpeg, png,silhouette",6.50,5,19
341,"Personalized Baseball Blanket, Kids Sports Throw Blanket, Teen Boy Gift, Tween Gifts - Custom Colors",59.00,5,538
342,"To Have and to Hold Tag, Blanket Favor Tag, Wedding Favor Tag Template, In Case you Get Cold Tag, Pashmina Tags, Wedding Favors, yv279",2.40,5,"2,037"
343,"PawPatrol Custom personalized with a name child's blanket. Preschool kids love these. Marshall, Rocky,Rubble,Skye,Zuma,Ryder, Chase",49.99,5,272
344,UGA Blanket,32.50,5,272
345,Customized Baby Blanket With Elephant,30.00,5,18
346,Custom New Orleans Saints NFL Double sided fleece baby blanket minky or fleece backing GET it PERSONALIZED toddler blanket or make it bigger,36.00,5,"2,166"
347,"Ladybug Baby Blanket in red and black for Baby Girl, personalized baby gift, ladybugs baby blanket, personalized blanket, choose colors",42.29,5,"6,680"
348,Baby Stats Blanket | Baby Blanket | Fleece Baby Blanket | Personalized Baby Shower Gift | Swaddling Blanket | Birth Announcement,36.75,5,"2,476"
349,"Mom you are loved Blanket, Mothers Day Blankets, Navy Blanket with gold flowers , Floral Blanket For Mom. Gifts From Kids, Mom Blanket",58.99,5,597
350,White Minky Blanket Flatlay Image Minimalist Styled Stock Image JPG Fleece Baby Blanket Canva image stock Printed Mint Blank Sublimation,2.49,5,109
351,Fawn and Llama Cuddle Minky Large Baby Blanket,85.00,5,131
352,This Is My Crime Show Watching Blanket PNG Digital Download,4.00,5,129
353,Gritty Fleece Sherpa Blanket,59.50,5,832
354,"Red and Black Minky Baby Blanket, available in three sizes",20.61,5,"4,781"
355,"Tattoo leopard faux fur throw blanket,  punk rock tattoo blanket, tattoo faux fur blanket, Rockabilly blanket, Sailor Jerry tattoo blanket,",36.43,5,491
356,"Baby Blanket 34""x40"" Watercolor Clementines | Cotton + Minky | Orange Baby Blanket Orange Blossom Blanket Gender Neutral Blanket Boy Blanket",59.00,5,665
357,LIL CRYBABY EMO Peep Throw Blanket,42.70,5,320
358,Safari Boy Blanket Monogram Boy Blanket Safari Animal Blanket Monogram Baby Blanket Boho Baby Blanket Monogram Jungle Blanket Boy - 250,44.76,4.5,656
359,Tractor Blanket / Gift / Boy Gift / Grandchild Gift / Baby Girl / Toddler Gift / Blanket/ Christening Gift / First Birthday,25.56,5,41
360,"Motocross baby boy or girl blanket, dirt bike baby blanket, motorcycle boy blanket, dirt bike name blanket, motocross baby gift,choose color",42.29,5,"6,680"
361,"Gorgeous White Tiger Fleece Blanket - Black and White TV Blanket - Exclusively Licensed Artwork - 3 Sizes - Youth, Large, X-Large",45.95,3.5,39
362,Dye sublimation microfleece plush baby blanket mockup template,4.00,5,"6,633"
363,11 colors CURLY Thin and thick blanket mini blanket Bump blanket Rainbow Newborn Photography Prop layering blanket photo prop Textured,60.00,5,67
364,"Baby Blanket Knitting Pattern, Easy Baby Blanket Pattern in English",5.76,5,17
365,Texas A&M University Blanket,30.00,5,5
366,Custom Printed Seabee Sherpa Fleece Blankets,54.90,3.5,54
367,"Extra large Dragonfly, butterfly ,bee and flower  blanket, Reversible flannel blanket free shipping,",27.95,5,270
368,Only 1 in Stock; Red Sox; Tie Blanket,69.99,5,666
369,Mythical Creature and Cryptid Skeleton Throw Blanket,130.00,5,"1,209"
370,Personalized Baby Blanket - Personalized Blanket - Throw Blanket - Floral Blanket - Floral Baby Blanket - Floral Watercolor Pattern,36.97,5,"6,794"
371,"Britney Spears Blanket 79"" Collage Sherpa Fleece Winter 150 x 200 cm Beautiful Warm Soft Cozy",79.99,5,96
372,Personalized Gymnastics Fleece or Sherpa Blanket-50x60 or 60x80 -Monogrammed Name-Custom Bedding-Gymnast Purple Gradient-Gymnastics,69.99,5,26
373,Steal My Heart Not My Blankets | Steal My Heart Not My Blankets Sign,14.95,5,"5,634"
374,Australia Fleece Blanket - Australia Map Blanket - Australia Blanket - Housewarming Gift - Wedding Gift - Study Abroad,62.00,5,"5,112"
375,Oakland University Golden Grizzlies Blanket Black,24.90,4.5,"1,555"
376,Ryans world throw blanket | Nap blanket,28.94,4.5,73
377,SALE Bye 2020 Personalized Baby Blanket Monogrammed Baby Blanket Name Blanket Swaddle Receiving Blanket Baby Shower Gift Photo Prop Birth An,35.70,5,"8,769"
378,"INSTANT DOWNLOAD- Customizable** Baby Boy Blanket - Elephant Theme for sublimation printing-.studio3 file, jpeg, png,silhouette",6.50,5,19
379,Baby Blanket - Personalized Baby Blanket - Moose Baby Blanket - Bear Baby Blanket - Girl Baby Blanket - Mountains Baby - Baby Blanket Girl,49.95,5,"1,893"
380,Sweet Hunny Bear Milestone Baby Blanket - Month Baby Blanket - Personalized Baby Blanket,4.00,5,"1,157"
381,Personalized Graduation Blanket: We Did It!,45.00,5,176
382,This is My TikTok Watching Blanket cut vector svg png pdf digital art,1.99,5,350
383,"Girl racing blanket with race flags, drag racing baby blanket, dragster baby blanket, racing name blanket, street racing blanket, any color",42.29,5,"6,680"
384,"RI: Block Island, RI Nautical Chart Throw Blanket / Made to Order",48.99,5,605
385,"Blanket Sign, Wedding Blanket Sign, Wedding Blanket Favors, Blankets Wedding, Winter Wedding Sign, Wedding Guest Blankets, Printable, yv376",2.40,5,"2,037"
386,Baby Blanket / Biblical Quote Baby Gift / Baby Keepsake Blanket Isaiah 66:9,35.00,5,"4,989"
387,San Francisco State Gators Blanket Purple SFSU,24.90,4.5,"1,555"
388,"Mom, Nana, Grandma, Kids Names Blanket -Personalized Blanket",40.99,5,249
389,Cheerleading Blanket Pink | Cheer Blankets And Throws | Cheer Gifts | New Design,49.99,5,756
390,"Chicken Blanket, Chicken Throw Blanket, Chicken Fleece Blanket, Chicken Kid Blanket, Chicken Adult Blanket",49.90,4.5,524
391,Dirtbike patchwork minky blanket,25.00,5,42
392,Buffy Blanket | Vampire Slayer Blanket | Buffy Fan Gift | Sherpa Fleece Blanket,58.00,5,408
393,"Pirate Baby Blanket, Pirate Minky Baby Blanket, Pirate Ship~Map Baby Blanket, Personalization Option, Treasure Map",26.95,5,265
394,"PUERTO RICO minky lovey - small security blanket for baby or toddler - Puerto Rican, PR souvenir, keepsake, decor - 17 by 26 inch",34.00,5,457
395,Raven Stealing the Sun Blanket Throw designed by Israel Shotridge Tlingit Northwest Native American Artist,85.00,5,512
396,Memory Keepsakes: Memory Blanket / Quilt,125.00,5,20
397,Personalized Hospital/Receiving Blanket Horse - Personalized Memory Horse - Stuffed Animal,44.50,5,235
398,"farm baby blanket, gender Neutral baby Blanket, gender Neutral Baby shower gift, farm blanket, baby boy blanket, Cow baby blanket",45.00,5,659
399,"Satin blanket, Silk blanket, Purple Blanket, Purple Satin, Baby Girl, Soft Blanket, silk woobie, soft blanket, Blanket for girl, Charmeuse",25.00,5,"5,573"
400,"HEM Stripe Grey Throw, Lambswool Arch Throw, fine New Zealand wool, Warm comfort Throw blanket, Decorative Blanket #13716",67.60,5,120
401,Block Printed Kantha Quilt Indian Kantha Coverlet Throw Cotton Kantha Blanket Home Decor Kantha Bedcover Kantha Bedspread,70.00,4.5,6
402,Supernatural Blanket Crochet Pattern - NOT a Physical Product - digital download only,10.00,5,175
403,Personalized Blanket baby boy baseball - monogrammed name baby blanket - custom blanket - baby stroller blanket sports - embroidered blanket,48.89,5,"4,153"
404,Igor Blanket,30.00,4.5,7
405,"Custom blanket, newborn gift, rain clouds baby blanket, personalized baby blanket, baby shower gift, swaddle blanket, gender neutral blanket",35.99,5,"1,614"
406,Month and Year Baby Blanket -Great for Growth Pictures,23.99,5,33
407,Monsters baby blanket. Hollywood Monsters Blanket.,40.99,5,"4,062"
408,"Our Cuddle Movie Watching Blanket  - Sublimation png file, Digital Download",5.00,5,"1,886"
409,Florence II Fleece Blanket - Portrait,29.99,5,32
410,Go To Dreams baby blanket knitting pattern  PDF only,3.50,5,253
411,Airplane Milestone Blanket Monthly Growth Tracker Soft Fleece Aviation Blanket Baby Shower Gift Newborn Gift Blanket Watch Me Grow Baby Girl,35.99,5,"6,185"
412,Black & White Alice In Wonderland Sherpa Fleece Blanket,70.70,5,55
413,Blue Milestone Sports Blanket  - Baby Boy Monthly Growth Sport Personalized Newborn Gift - Custom Baby Shower Gift - Months Baby Blanket,44.00,5,"1,417"
414,Indianapolis Colts Baby Minky Blanket and Burpees,27.50,5,222
415,Sale / Beach Towel Concha / BishhhLife by Globitos,35.00,5,141
416,"Baby Blanket Knitting Pattern, DK knitting pattern, Trillium Blanket Pattern.",3.55,4.5,103
417,2 Pattern Bundle - Rainbow Blanket & Lovey **Boho Baby ** Rainbow Baby,11.99,5,99
418,"Fox Blanket, Fox Throw Blanket, Fox Fleece Blanket, Fox Adult Blanket, Fox Kid Blanket",49.90,4.5,524
419,Clemson Tigers Double sided fleece baby blanket minky or fleece backing GET it PERSONALIZED toddler blanket or make it bigger!,36.00,5,"2,166"
420,Vtg Sunbeam Automatic Electric Blanket Blue Eyelet Satin Ribbon Edge Full NoCord,70.95,5,3
421,"Ballet Blanket, Ballet Gifts, Dance Gifts, Dance Blanket, Ballet Birthday, Ballet Items",25.00,5,"1,425"
422,Detroit Lions Fleece blanket with crochet edge,45.00,5,86
423,Boy Milestone Blanket Monthly Baby Blanket Boy Baby Milestone Blanket Personalized Milestone Blanket Elephant Blanket Baby Monogram Gift 177,44.76,4.5,656
424,Personalized Houston Texans baby blanket custom made with fleece & minky or fleece backing GET it PERSONALIZED,36.00,5,"2,166"
425,"Common Seal Blanket, Common Seal Lover Gift, Fleece Blanket, Gifts, Personalized Blanket",25.90,4.5,368
426,Transformers snuggly blanket,45.00,4.5,368
427,Custom Personalized Grey Polar Blanket - Benfica Stars,30.22,4.5,222
428,"44 X 44 inch cotton flannel swaddle, baby blanket - 18 Fabric Options - Baby Shower - XL Flannel Baby Blanket, single or double layer opt.",17.95,5,575
429,PDF Download Pattern for Crochet Granny Square Memory Stripes TEMPERATURE Rainbow BLANKET Afghan including Pattern and Temperature Chart,4.97,5,28
430,"Baby Blanket Knitting Pattern, Gracie Blanket, Easy Blanket Pattern, 4ply Blanket Pattern, Beautiful Blanket Pattern",3.55,4.5,103
431,Breast cancer ribbon blanket,130.00,5,3
432,Memorial Blanket with picture,40.00,4.5,21
433,Teacher Blanket PNG | Coffee PNG | Digital Design | Instant Download | Sublmiation | Teacher Design| Hand Drawn,5.00,5,345
434,Hand made Hermann Oak harness leather blanket carrier/ blanket harness/bedroll,75.00,5,"1,663"
435,Minky Blanket patchwork Coral & Aqua,39.00,5,255
436,Hockey Milestone Blanket Monthly Growth Tracker Soft Fleece Sports Blanket Baby Shower Gift Newborn Gift Blanket Watch Me Grow Baby Boy,35.99,5,"6,185"
437,Shark Fleece Tie Blanket in a Shark Print,65.00,5,26
438,Gradient Range Baby Blanket Crochet Pattern/Graph,5.50,5,22
439,CROCHET PATTERN -  Calming Stripes Throw Blanket,3.50,5,"1,228"
440,Baseball Baby Blanket Mets Baby Blanket Baseball Nursery Baseball Decor Blue Orange Decor MLB Blanket Baseball Lovers Gift Mets Fan Gift,18.45,5,"2,636"
441,"CROCHET PATTERN ⨯ Chunky Crochet Blanket Throw, Easy Crochet Afghan Pattern ⨯  Easy Crochet Blanket Pattern, Chunky Crochet Throw Blanket",4.50,5,"1,441"
442,"Blanket shawl, Throw, sofa throw, wrap, boho, bohemian, paisley, blanket, mediation shawl, beach, picnic rug, cozy, blanket scarf, kimono",44.80,5,277
443,ENJOY pattern for crocheted blanket,6.00,5,"2,116"
444,Handmade cotton blanket Large crochet mandala blanket Boho hippie Sophie’s Dream blanket,703.68,5,7
445,Throw Blanket Lil Hobbs Watercolor,32.00,5,103
446,Hebrew Baby Blanket Customized Monogrammed Personalized,36.00,5,1
447,Grandioso Guitar Blanket - Crochet Pattern,5.00,5,"1,919"
448,My Little Man Baby Blanket  **DIGITAL DOWNLOAD ONLY**,1.00,5,4
449,Nautical Baby Blanket - Blue Whale Baby Blanket - Boys Baby Blanket -  Whale Crib Blanket - Baby Shower Gift - Nautical Nursery,24.99,5,"1,386"
450,Gonzaga Bulldog Minky Blanket - Adult Size Wrap Around Blanket - Can Be Personalized,144.00,5,"2,061"
451,Pink Gold Milestone Blanket Girl Monthly Baby Pictures Blanket Personalized Pink Newborn blanket Baby shower gift first year baby,35.00,5,111
452,Personalized Moana Inspired Blanket - Moana Maui Blanket - Moana Blanket - Maui Blanket,39.00,5,"1,157"
453,"wedding blanket gifts, wedding blanket, wedding blanket scarf, wedding blanket personalized, monogrammed wedding blankeks, blanket favors",16.00,5,"3,960"
454,"Valentine Husband, Valentine Blanket, Thanks for all the orgasms, Valentine's Day Gift for Boyfriend, Girlfriend, Wife, Couple, Anniversary",39.95,2.5,3
455,"Sea Turtle Blanket - Crocheted Multiple Sizes Available, Sea turtle baby blanket, sea turtle child's blanket, sea turtle twin size blanket",75.00,5,115
456,Braided Cable Baby Blanket ~ Knitting pattern ~ Aran Yarn,3.55,4.5,412
457,3 Pack of Medium Kid Goat Blankets,39.00,5,37
458,Quilt and Blanket Leather Tags,11.70,5,"2,184"
459,"Crochet Baby PATTERN, Baby Blanket Crochet Pattern Freesia 143, Blanket Pattern, DIY Baby Blanket Instant PDF Pattern Download",5.00,5,"1,330"
460,My Grandma Loves Me Crochet Baby Blanket Pattern - Baby Blanket Pattern - Blanket Pattern,4.12,5,"1,060"
461,LOVEY or BLANKET * KANGAROO * Organic Cotton Double Gauze,19.50,5,322
462,Custom Made Up Rag Quilt - Blanket - Comforter - Going Home - Baby Shower Gift - Pixar- Adventure is out there,49.50,5,258
463,Flamingo Girl Blanket Baby Monogram Blanket Personalized Flamingo Blanket Flamingo Baby Blanket Baby Girl Blanket Baby Gift Baby Gift - 187,44.76,4.5,656
464,PDF Horse Blanket and Sheet Pattern,6.00,5,256
465,Keepsake Memory blanket from your Baby Clothes,56.90,5,112
466,"PICNIC BLANKET Handmade grey PLAID Fleece Blanket 72""x60"" & 84""x60""",119.95,5,176
467,This is my movie watching blanket - Sublimation png - Digital design - DTG printing - Movie watching blanket png - Movie blanket png,5.00,5,"2,086"
468,Woodland Baby Age Blanket - Monthly Baby Milestone Blanket - Woodland Animal Nursery Decor - Baby Age Blanket - Baby Shower Gift,44.00,5,"2,018"
469,Get in Line woven blanket,150.00,5,"2,251"
470,To My Grandson Blanket From Grandma To Grandson Fleece Blanket Personalized Fleece Blanket For Granddson Birthday Gift For Grandson,45.95,4.5,12
471,Winter Berry Flannel Blanket,45.00,4.5,12
472,"Blue merle australian shepherd Throw Blanket, aussie christmas gift for aussie mom and dad, winter dog gift",45.95,5,120
473,"Girl Twin Baby Milestone Blanket, Elegant Floral Girl Twin Baby Blanket, Baby Girl Twin Blanket, Monthly Blanket, Blanket For Twins",59.19,5,"6,135"
474,Buy 3 get 4th Free! New! 12 POUNDS! Super Soft Korean Style Mink HEAVY Weight KING  Blanket Animal Blue Wolf Moon,119.99,4.5,572
475,Tripp ( Dinosaur ) BABY Blanket Pattern | Crochet Dinosaur Pattern | Apatosaurus | Brontosaurus | Stegosaurus | T-Rex | Toddler Blanket,5.50,5,"1,440"
476,PATTERN mosaic crochet - Nya Infinity Mosaic Blanket - easy - instant download,3.20,5,"1,182"
477,"Knit Sweater Pattern, Knit Blanket Sweater, Knitting Pattern Shrug, Knitting Pattern Easy, Knitting Pattern White, Easy Cardigan",4.50,5,"1,988"
478,"Ai no Kusabi, Iason Mink x Riki Art  Blanket",79.99,5,439
479,Twin Milestone Blanket Girl / Twins Baby Gifts / Twins Newborn Photo Prop / Twin Baby Shower Gift / Baby Growth Tracker Monthly Milestone,37.87,4.5,"6,695"
480,Red OR Blue buffalo plaid and faux sherpa minky blanket- nursery bedding- lumberjack- lumberjack baby- lumberjack nursery- woodland,39.00,5,384
481,Personalized baby blanket - bird baby blanket buffalo plaid  - baby gifts personalized - baby shower gift - custom baby gifts for girls,58.89,5,"4,153"
482,"Shark Plush Lovey Security Blanket Personalized, Shark Stuffed Animal Lovey, Shark Plush Lovey, Shark Security Blanket Personalized",55.50,5,178
483,"Twins Personalized Baby Month Blanket - Track baby's growth, photo prop, perfect baby shower gift, customized with names, baby girl, floral",64.79,5,"1,614"
484,"Great Dane Blanket, Great Dane Throw, Great Dane Lover Gift, Gift Ideas",25.90,5,20
485,"Nashville guitar baby bib, guitar baby blanket, guitar burp cloth, guitar teether, guitar bandana bib, guitar bundle gift set, READY TO SHIP",18.95,5,199
486,"Papa Gifts, Grandfather Gifts For Papa Bear, New Dad Christmas Gift, Adult Minky Blanket, Custom Minky Blanket Adult,New Dad Gift From Wife",34.02,5,"3,444"
487,"Personalized Dog Blanket, Dog Gifts for Dog Owners, Dog Birthday Present",27.75,5,581
488,"Moroccan blanket, Moroccan Pompom Blanket,bedroom blanket,moroccan throw blanket, Pom Poms Bed Cover Navy Blue with Gray Stripes",86.00,4.5,56
489,American Flag Blanket Crochet Pattern pdf 235,2.00,4.5,842
490,"Polar Fleece Blanket, Line Art Blanket, Modern Blanket, luxury Blanket, Retro Style Blanket, Abstract Blanket, Line Art Face Blanket",79.65,4.5,389
491,CLEARANCE! Baby Animals! Snuggle Fleece Blanket,5.00,5,282
492,Self Binding Blanket Tutorial -INSTANT DOWNLOAD - DIY - sewing - baby blanket - minky edges - self bind,5.00,5,678
493,"Comic Book Blanket, Sherpa Fleece Blanket, Sofa Throw, Kids Blanket",55.00,4.5,93
494,"FREE NAME EMBROIDERY-""United States Air Force"" Minky Blankets & Bedding",39.00,5,145
495,"Country Hearts Blanket, Housewarming Gift, Valentine""s Gift, Personalized Wedding Gift,  Embroidered Blanket, Custom Wedding Gift",35.00,5,332
496,PATTERN for Crochet Star Blanket,4.19,5,89
497,Toddler Popeye fleece blanket,40.00,5,23
498,Blanket  Pattern - Granny Skull's Blanket Pattern  - PDF blanket PATTERN only,2.99,5,343
499,Patchwork Quilt Indian Handmade Cotton Silk King/Twin Size Black Patchwork Quilt Boho Bedding Bedspread Patchwork Blanket Throw Vintage,42.49,5,1
500,Merry and Bright Blanket | Christmas Sweatshirt Blanket | Merry and Bright Fleece Blanket | Christmas Gift | Secret Santa Gift |,25.00,5,218
501,San Francisco Bay Fleece Blanket - San Francisco Bay Map Blanket - San Francisco Bay Blanket - Housewarming Gift - Wedding Gift,62.00,5,"5,112"
502,Warm wool blanket - Organic wool blanket - Sheep wool rug - Traditional handmade blanket,78.00,5,1
503,Magical Castle Milestone Blanket treats rides Personalized Blanket Age Blanket Anniversary Blanket Gift Mouse Ears princess prince crown,35.20,5,"2,503"
504,"Soccer Personalized Fleece, Sherpa Blanket, Soccer player Blanket, Add any Text, soccer gifts for players, soccer mom, soccer custom gift",61.40,4.5,111
505,Reversible Double Layered Hand Tied or Sewn Licensed Designer Mossy Oak Camo Woodsy True Timber Fleece Blanket Choice of Minky or AntiPill,20.65,4.5,360
506,"Custom Hippo Blanket For Girls And Boys, Personalized Gift For Animal Lover, Colorful & Trippy Bed Cover, Bedroom Soft Fleece Throw for Kids",56.00,5,77
507,Swaddle Blanket Pattern - INSTANT DOWNLOAD,6.99,5,"1,599"
508,Teacher Blanket PNG | Wine PNG | Digital Design | Instant Download | Sublmiation | Teacher Design| Hand Drawn,5.00,5,345
509,Dragon Ball Baby Blanket,65.00,5,2
510,"Grey's Anatomy instant download, sublimation, png, printable, blanket design, ready to print",3.00,4,11
511,"Personalized Woodland Friends Flannel and Minky Baby Blanket, Woodland Magic Green Flannel Blanket, Forest Animals Blanket",32.72,5,84
512,Custom Monogram Personalized Blanket with Wedding Anniversary Date,65.00,5,16
513,"NH: Lake Winnipesaukee, NH, C. 1907 Vintage Topo Map Throw Blanket / Made to Order",48.99,5,605
514,"Pom Pom Blanket, Chunky Blanket, Chunky Knit Blanket, Arm Knit Blanket, Pom Pom Throw, Wool Blanket, Merino Blanket, Valentines Gift",119.98,4.5,216
515,Chemistry Blanket / Baby to Adult / Math Science Geek Nursery /  Small to Extra Large Sizes,52.00,5,"1,964"
516,Hand Woven Merino Wool Blanket,295.00,5,181
517,Bulky Elephant Blanket for Two PATTERN,5.75,5,47
518,"Baby Toddler Infant Minky Chevron Dot Stroller Blanket Handmade, Boys. Girls. Unisex.",28.00,5,47
519,"Shaggy White Luxe Cuddle Minky Blanket, Luxe Cuddle, Shannon Fabrics, throw blanket, shag, white blanket",25.00,5,6
520,"Infernal Devices Blanket, Words have the power to change us, Shadowhunters, Cassandra Clare, Tessa Gray, Will Herondale, Jem Carstairs",65.00,5,"2,892"
521,"Turkish Blanket,Throw Towel,Blanket,Light Gray Blanket,Turkish Throw,Beach Towel,Turkish Towel,,65""x83"",Peshtemal Cover,Towel,M2-sultanB",28.80,5,"8,259"
522,"Sold out until Jan. 2021. Receiving Blanket Rabbit, Custom Remembrance Rabbit, Personalized Memory Rabbit",47.00,5,151
523,"Personalized Floral Minky Throw Size Blanket, Bluebell Floral Blanket, Adult Minky Blanket, Adult Size Throw, 50 x 58 inches",92.00,5,548
524,"Blanket, Anniversary, Joy, Christmas",26.00,5,548
525,"Personalized Baby Boy Blanket, Mountain Blanket, Custom Baby Name Blanket, Boy Cuddle Blanket, Baby Boy Gift, Custom Name, Mountain Nursery",38.25,5,"3,230"
526,Basketball Month Blanket - Basketball Blanket - Boy Monthly Blanket - Sport Milestone Blanket - Milestone Blanket - Month Blanket-Basketball,46.00,5,"6,536"
527,Blue Baby Blanket - Handwoven,85.00,5,174
528,Personalized Fleece Blanket For Band with Color Guard Flags,75.00,5,174
529,Pattern crochet blanket Lego Blocks  #5,5.00,5,169
530,Construction designer boy Minky Blanket,25.00,5,148
531,Crochet Baby Girl Blanket Purple Lilac White,53.50,5,190
532,"Plush Baby Blanket, Custom Baby Gift, Personalized Baby Boy or Girl Shower Gift",30.00,5,322
533,"Ice Cream Blanket, Personalized Baby Blankets, Customized Sherpa Fleece Minky Blanket, Custom Baby Nursery Decor, Infant Pink Girl Lovey",19.00,5,610
534,Harry Potter Blanket SVG File,2.75,5,47
535,Blanket Scraves Flannel- Multiple Color Options,15.00,5,2
536,Giraffe minky baby blanket snuggle blanket lovey blanket 24x24 orange brown blue print and orange and white chevron,36.00,5,138
537,Custom Made Walking Dead Rag Quilt Throw/Blanket,34.50,5,258
538,Kids Frenchie - Hooded Blanket,64.94,3.5,7
539,Western Baby Blanket - Personalized Baby Blankets - Newborn Milestone Blanket - Newborn Photo Prop - Monthly Baby Blanket - Growth Blanket,34.02,5,"3,444"
540,"Fox Blanket, Fox Throw Blanket, Fox Fleece Blanket, Fox Adult Blanket, Fox Kid Blanket",49.90,4.5,524
541,Soccer blanket with name and numbers,59.00,5,"2,616"
542,Game Day Blanket PNG | Football PNG | Instant Download | Sublimation | Digital Design,5.00,5,345
543,"PDF pattern, written pattern, instructions, knitting pattern for car seat baby blanket",4.97,5,62
544,Farming Name Blanket,40.00,5,250
545,Home State Typography - Texas Woven Blanket,67.49,5,605
546,Handwoven Double Weave 100% soft cotton baby blanket/throw/ lap blanket. Ready to ship.,147.00,5,30
547,"Woodland Animal Baby Blankets, Personalized Baby Blanket Girl, Name Baby Blanket, Woodland Nursery Bedding, Baby Name Blanket",34.02,5,"3,444"
548,This is my Greys Anatomy Binge watching BLANKET PNG files -2 designs,3.99,5,232
549,"Beautifully Crocheted White Christening Baptism Baby Blanket Afghan 37"" x 42""",120.00,5,126
